Trading Name,Code,Last Price,ROE %,Mkt Cap ($M),Tot. Rev ($M),P/E,Yield (%),Sector,GTI Score
Maruwa Yen1k,M12,0.000,16.23,"JPY 506,183.067","JPY 72,862",-,-,Technology,-
DBS,D05,53.280,17.13,"SGD 152,820.046","SGD 22,815",13.68,4.90,Financial Services,106.2
OCBC Bank,O39,16.790,13.26,"SGD 75,791.465","SGD 14,383",10.48,4.86,Financial Services,103.2
YZJ Shipbldg CNY,SO7,11.520,28.10,"CNY 73,425.172","CNY 26,370.617",5.86,-,Industrials,-
Singtel,Z74,4.250,15.81,"SGD 70,344.641","SGD 14,146.1",17.81,2.89,Communication Services,108.3
Singtel 10,Z77,4.250,15.81,"SGD 70,344.641","SGD 14,146.1",17.81,-,Communication Services,-
Lonza,O6Z,79.970,6.77,"SGD 59,613.885","SGD 7,093",21.47,3.75,Healthcare,-
UOB,U11,34.930,12.41,"SGD 58,654.123","SGD 14,391",10.09,5.01,Financial Services,104.3
Murata Yen1k,PJX,0.000,9.10,"SGD 44,131.522","SGD 1,737,799",-,-,Technology,-
Prudential USD,K6S,12.200,12.94,"USD 34,270.107","USD 21,259",9.48,1.98,Financial Services,-
ST Engineering,S63,8.470,27.38,"SGD 26,658.079","SGD 11,671.219",34.96,1.99,Industrials,105.1
Nomura Yen1k,N33,1.990,9.99,"SGD 26,409.963","SGD 1,730,098",-,24.52,Financial Services,-
IHH,Q0F,2.470,8.97,"SGD 21,684.349","SGD 24,927",31.63,1.30,Healthcare,-
SIA,C6L,6.550,17.37,"SGD 19,753.232","SGD 19,611.8",8.41,6.02,Industrials,95.6
SGX,S68,17.430,31.15,"SGD 18,747.227","SGD 1,370.625",29.04,2.06,Financial Services,99.8
JMH USD,J36,61.000,-1.65,"USD 18,548.371","USD 35,577",184.38,3.59,Industrials,-
Wilmar Intl,F34,2.900,5.84,"SGD 18,353.635","SGD 69,336.38",12.01,4.76,Consumer Defensive,84.4
NIO Inc. USD OV,NIO,7.090,-143.80,"USD 18,301.466","USD 69,420.349",-,-,Consumer Cyclical,-
CapLand IntCom T,C38U,2.330,6.28,"SGD 17,627.232","SGD 1,582.014",17.22,5.31,Real Estate,106.5
Keppel,BN4,9.140,8.60,"SGD 16,528.446","SGD 6,434.197",18.69,3.71,Industrials,109.7
Shangri-La HKD,S07,4.590,3.10,"HKD 16,304.2","HKD 2,192.306",17.70,3.14,Consumer Cyclical,-
Great Eastern,G07,14.910,12.01,"SGD 14,161.707","SGD 12,023.4",7.09,4.68,Financial Services,92
HongkongLand USD,H78,6.350,-4.47,"USD 13,898.701","USD 1,780.9",-,3.59,Real Estate,-
YZJ Shipbldg SGD,BS6,3.290,28.10,"SGD 13,381.003","SGD 26,370.617",9.51,3.53,Industrials,75.5
CapitaLandInvest,9CI,2.660,3.43,"SGD 13,366.631","SGD 2,490",30.80,4.48,Real Estate,99.2
CapLand Ascendas REIT,A17U,2.820,7.36,"SGD 13,088.785","SGD 1,507.73",17.79,2.63,Real Estate,109.6
ThaiBev,Y92,0.485,15.54,"SGD 12,313.939","SGD 342,009.442",10.77,5.02,Consumer Defensive,89.1
Sembcorp Ind,U96,6.360,20.32,"SGD 11,393.569","SGD 6,151",11.45,4.06,Industrials,94.3
Jardine C&C,C07,28.390,11.58,"SGD 11,327.472","SGD 22,387.6",10.48,5.01,Industrials,107.3
Genting Sing,G13,0.710,7.02,"SGD 8,760.114","SGD 2,388.678",19.23,5.52,Consumer Cyclical,92.2
Seatrium Ltd,5E2,2.210,2.46,"SGD 7,721.297","SGD 10,583.212",29.34,0.66,Energy,-
Mapletree PanAsia Com Tr,N2IU,1.440,6.13,"SGD 7,648.448",SGD 827.649,12.99,5.48,Real Estate,81.1
UOL,U14,8.120,3.17,"SGD 6,725.921","SGD 3,072.301",15.53,2.26,Real Estate,98.3
Mapletree Log Tr,M44U,1.250,2.50,"SGD 6,418.352",SGD 710.368,35.29,6.19,Real Estate,90.3
CityDev,C09,7.100,2.09,"SGD 6,307.416","SGD 3,396.59",32.39,1.13,Real Estate,98.1
Mapletree Ind Tr,ME8U,2.120,6.41,"SGD 6,104.511",SGD 682.374,17.98,6.27,Real Estate,84.8
Emperador Inc.,EMI,0.360,6.54,"SGD 5,681.715","SGD 59,246.771",40.31,1.22,Consumer Defensive,-
CMS,8A8,2.260,10.18,"SGD 5,669.365","SGD 7,859.901",18.67,1.21,Healthcare,-
Keppel DC Reit,AJBU,2.340,10.58,"SGD 5,416.312",SGD 364.416,14.37,4.18,Real Estate,96.4
SATS,S58,3.460,9.83,"SGD 5,226.743","SGD 5,957",21.14,1.42,Industrials,114.1
Frasers Cpt Tr,J69U,2.350,4.86,"SGD 4,829.949",SGD 363.912,20.84,5.11,Real Estate,78.4
DFIRG USD,D01,3.310,-31.31,"USD 4,521.193","USD 8,851.3",-,3.14,Consumer Defensive,-
SingaporeLandGrp,U06,3.080,3.43,"SGD 4,412.615",SGD 758.754,15.10,1.46,Real Estate,94.4
Frasers Property,TQ5,1.070,1.58,"SGD 4,200.864","SGD 4,257.153",15.74,4.21,Real Estate,94.9
Venture,V03,14.430,8.56,"SGD 4,194.683","SGD 2,611.882",18.00,5.14,Technology,75.9
TJ DaRenTang USD,T14,2.840,30.87,"USD 4,074.769","USD 5,992.514",4.50,6.19,Healthcare,53.6
YZJ Fin Hldg,YF8,1.120,7.71,"SGD 4,037.323",SGD 229.371,12.11,2.97,Financial Services,69.4
AvePoint,AVP,18.880,-12.13,"SGD 4,003.622",SGD 373.069,-,-,Technology,-
SIA Engineering,S59,3.490,8.19,"SGD 3,931.033","SGD 1,334.849",26.45,2.56,Industrials,98.2
Keppel Reit,K71U,1.000,1.89,"SGD 3,890.22",SGD 272.998,24.39,5.52,Real Estate,87.4
Suntec Reit,T82U,1.300,1.76,"SGD 3,877.939",SGD 471.133,-,4.78,Real Estate,85.1
Golden Agri-Res,E5H,0.295,7.27,"SGD 3,741.094","SGD 11,919.759",6.86,2.73,Consumer Defensive,80
NetLink NBN Tr,CJLU,0.960,3.88,"SGD 3,741.092",SGD 406.996,39.18,5.58,Communication Services,106.5
Olam Group,VC2,0.970,0.75,"SGD 3,716.469","SGD 61,236.528",11.60,5.08,Consumer Defensive,81.8
Frasers L&C Tr,BUOU,0.950,3.41,"SGD 3,627.065",SGD 462.974,26.97,6.58,Real Estate,98.3
CapLand Ascott T,HMN,0.935,4.76,"SGD 3,609.502",SGD 821.604,16.10,6.43,Real Estate,112.1
Haw Par,H02,14.990,5.99,"SGD 3,367.01",SGD 253.046,13.45,2.63,Healthcare,95.4
Sheng Siong,OV8,2.140,26.74,"SGD 3,217.569","SGD 1,479.195",22.99,2.99,Consumer Defensive,83.3
ComfortDelGro,C52,1.470,8.10,"SGD 3,206.81","SGD 4,781.7",14.51,5.51,Industrials,102.1
TCIL HK$,T15,1.570,4.34,"HKD 3,140.762","HKD 12,617.338",6.04,4.75,Consumer Cyclical,-
Man Oriental USD,M04,2.270,-2.71,"USD 2,932.038",USD 522.4,-,2.16,Consumer Cyclical,-
IFAST,AIY,9.440,23.50,"SGD 2,854.868",SGD 386.929,37.66,0.71,Technology,82.8
Kep Infra Tr,A7RU,0.460,3.84,"SGD 2,829.519","SGD 2,329.897",18.75,6.92,Basic Materials,90.6
ParkwayLife Reit,C2PU,4.120,6.37,"SGD 2,701.156",SGD 150.736,31.46,3.63,Real Estate,82
First Resources,EB5,1.710,18.32,"SGD 2,680.377","SGD 1,255.418",7.11,6.24,Consumer Defensive,82
HPL,H15,5.000,0.87,"SGD 2,639.125",SGD 724.07,73.31,0.80,Consumer Cyclical,80
UOB Kay Hian,U10,2.430,11.18,"SGD 2,415.987",SGD 559.343,11.08,4.80,Financial Services,66.5
HPH Trust SGD,P7VU,0.260,2.57,"SGD 2,320.223","SGD 11,603.689",17.99,7.91,Industrials,-
GuocoLand,F17,2.040,2.03,"SGD 2,281.822","SGD 1,916.402",24.35,2.93,Real Estate,86
ESR REIT,9A4U,2.790,-5.50,"SGD 2,258.333",SGD 412.524,-,7.55,Real Estate,-
Bumitama Agri,P8Z,1.270,16.62,"SGD 2,202.363","SGD 18,874,623",10.44,7.14,Consumer Defensive,78.4
F & N,F99,1.470,5.19,"SGD 2,184.475","SGD 2,303.636",14.70,3.67,Consumer Defensive,86.4
StarHub,CC3,1.130,25.95,"SGD 1,963.398","SGD 2,391.7",16.76,5.44,Communication Services,88.2
Hong Leong Asia,H22,2.600,9.07,"SGD 1,960.13","SGD 4,827.167",20.84,1.91,Consumer Cyclical,99.3
OUEREIT,TS0U,0.345,-2.17,"SGD 1,929.768",SGD 279.906,-,6.03,Real Estate,85.3
PropNex,OYY,2.510,32.93,"SGD 1,916.6","SGD 1,036.313",29.87,3.09,Real Estate,79.3
Raffles Medical,BSL,1.020,5.99,"SGD 1,866.138",SGD 764.321,29.45,2.48,Healthcare,81.4
Cent Accom REIT,8C8U,1.040,5.11,"SGD 1,788.104",SGD 166.989,23.01,-,Real Estate,-
HPH Trust USD,NS8U,0.205,2.57,"USD 1,785.776","USD 11,603.689",18.38,7.63,Industrials,79.7
Top Glove,BVA,0.210,2.07,"SGD 1,666.886","SGD 3,489.415",49.08,-,Healthcare,-
Comba,STC,0.143,-18.77,"SGD 1,613.179","SGD 4,383.974",-,0.69,Technology,-
Thomson Medical,A50,0.061,-9.80,"SGD 1,612.905",SGD 394.658,-,-,Healthcare,94.8
CapLand India T,CY6U,1.160,25.81,"SGD 1,570.395",SGD 291.091,3.97,6.18,Real Estate,106.9
Lendlease Reit,JYEU,0.630,2.41,"SGD 1,566.021",SGD 206.542,0.29,5.66,Real Estate,95
Ho Bee Land,H13,2.200,3.01,"SGD 1,467.476",SGD 475.763,9.75,1.81,Real Estate,82.4
AMTD IDEA OV,HKB,3.600,3.25,"SGD 1,426.775",SGD 54.068,7.45,-,Financial Services,-
Yanlord Land,Z25,0.725,-10.52,"SGD 1,400.363","SGD 25,729.611",-,-,Real Estate,73.8
CapLand China T,AU8U,0.780,-0.87,"SGD 1,374.584",SGD 327.785,"7,900.00",6.49,Real Estate,98.3
TheHourGlass,AGS,2.090,15.30,"SGD 1,358.602","SGD 1,162.874",10.03,2.86,Consumer Cyclical,62.6
Tosei,S2D,9.500,13.89,"SGD 1,314.473","SGD 96,733.828",24.52,0.85,Real Estate,-
StarhillGbl Reit,P40U,0.560,6.29,"SGD 1,306.852",SGD 192.097,9.66,6.46,Real Estate,93.6
Food Empire,F03,2.290,17.82,"SGD 1,268.685",SGD 525.161,34.30,3.88,Consumer Defensive,63.8
Stoneweg EUTrust SGD,SEB,2.270,2.70,"SGD 1,267.432",SGD 214.063,15.82,8.86,Real Estate,-
Centurion,OU8,1.450,34.87,"SGD 1,244.352",SGD 269.925,4.14,2.70,Consumer Cyclical,83.7
Pacific Century,P15,0.450,-5.40,"SGD 1,230.645",SGD 6.592,-,17.55,Financial Services,48.7
Far East HTrust,Q5T,0.610,2.51,"SGD 1,223.097",SGD 105.131,34.59,7.16,Real Estate,110.5
Riverstone,AP4,0.810,17.61,"SGD 1,200.556","SGD 1,073.568",16.01,6.53,Healthcare,74.9
BRC Asia,BEC,4.270,20.73,"SGD 1,179.705","SGD 1,438.696",12.15,3.26,Basic Materials,73
Hong Leong Fin,S41,2.610,4.99,"SGD 1,170.979",SGD 209.991,18.50,4.89,Financial Services,96.3
First Sponsor,ADN,1.030,4.39,"SGD 1,163.144",SGD 298.575,12.72,4.51,Real Estate,76
China Aviation,G92,1.270,8.10,"SGD 1,126.841","SGD 16,543.517",10.11,2.84,Energy,70.5
AIMS APAC Reit,O5RU,1.350,2.23,"SGD 1,110.597",SGD 186.626,33.75,7.07,Real Estate,93.8
Wing Tai,W05,1.440,-2.10,"SGD 1,106.603",SGD 230.206,-,2.07,Real Estate,88.1
Bukit Sembawang,B61,4.150,7.34,"SGD 1,084.838",SGD 549.961,9.49,0.95,Real Estate,66.5
NTT DC REIT USD,NTDU,1.030,-3.16,"USD 1,071.418",USD 190.714,-,-,Real Estate,-
CDL HTrust,J85,0.810,0.77,"SGD 1,038.341",SGD 257.985,-,5.84,Real Estate,86.2
UMS,558,1.410,10.44,"SGD 1,029.313",SGD 256.453,24.79,3.45,Technology,76
SBS Transit,S61,3.190,10.03,"SGD 1,006.52","SGD 1,524.248",14.89,7.34,Industrials,97.2
UOA,EH5,0.545,4.96,SGD 955.836,SGD 403.735,10.37,3.87,Real Estate,-
SingPost,S08,0.405,15.86,SGD 933.771,SGD 813.704,4.25,0.82,Industrials,91.2
ValueMax,T6I,1.000,17.71,SGD 927.584,SGD 494.761,9.80,3.92,Consumer Cyclical,74.5
Boustead,F9D,1.780,17.49,SGD 923.645,SGD 527.097,9.35,3.01,Industrials,75
OUE,LJ3,1.190,-8.30,SGD 894.8,SGD 624.749,-,1.68,Real Estate,79.5
Sasseur Reit,CRPU,0.670,5.45,SGD 850.636,SGD 121.467,13.38,8.87,Real Estate,91.2
Stoneweg EUTrust EUR,SET,1.500,2.70,EUR 841.171,EUR 214.063,15.82,9.04,Real Estate,-
PanUnited,P52,1.180,16.44,SGD 817.458,SGD 828.723,19.09,2.82,Basic Materials,75.5
Sri Trang Gloves,STG,0.395,2.64,SGD 790.898,"SGD 25,759.125",29.20,4.98,Basic Materials,-
Straits Trading,S20,1.640,-0.50,SGD 787.721,SGD 579.608,-,4.76,Basic Materials,71.2
Sri Trang Agro,NC2,0.520,3.29,SGD 760.786,"SGD 130,101.802",14.96,7.86,Basic Materials,61
China Everbright,U9E,0.250,8.20,SGD 743.828,"SGD 6,778.888",4.46,7.73,Utilities,86.4
ChinaSunsine,QES,0.755,10.42,SGD 724.571,"SGD 3,456.628",8.34,2.63,Basic Materials,69.4
HRnetGroup,CHZ,0.720,11.79,SGD 722.042,SGD 576.635,14.09,5.66,Industrials,80.8
Wee Hur,E3B,0.730,8.58,SGD 680.241,SGD 247.64,25.87,1.76,Industrials,71
Geo Energy Res,RE4,0.465,8.55,SGD 680.069,SGD 522.018,17.63,2.00,Energy,80.4
Halcyon Agri,5VJ,0.410,-7.12,SGD 653.955,"SGD 4,008.274",-,-,Basic Materials,85
Stamford Land,H07,0.430,3.78,SGD 652.788,SGD 148.406,19.91,1.14,Consumer Cyclical,82.1
Frencken,E28,1.470,8.89,SGD 649.177,SGD 852.99,16.68,1.72,Technology,72.9
Hong Fok,H30,0.770,1.03,SGD 639.052,SGD 106.653,19.60,1.28,Real Estate,86.4
Zheneng Jinjiang,BWM,0.455,8.45,SGD 632.389,"SGD 3,741.277",4.70,5.23,Utilities,68.9
Civmec,P9D,1.090,8.35,SGD 628.525,SGD 810.586,16.16,4.50,Industrials,85.5
Far East Orchard,O10,1.240,4.30,SGD 613.674,SGD 185.893,10.13,3.20,Real Estate,83.2
DigiCore Reit USD,DCRU,0.470,22.39,USD 597.33,USD 142.904,3.06,7.83,Real Estate,86.3
First Reit,AW9U,0.285,5.43,SGD 589.975,SGD 100.689,15.22,8.18,Real Estate,83
AEM SGD,AWX,1.820,2.40,SGD 585.795,SGD 397.087,43.22,-,Technology,71.5
Soilbuild Constr,V5Q,3.510,41.57,SGD 572.513,SGD 510.72,11.89,0.87,Industrials,74.8
VICOM Ltd,WJP,1.580,21.56,SGD 570.854,SGD 130.739,18.57,3.79,Consumer Cyclical,99.2
Cortina,C41,3.420,15.37,SGD 566.278,SGD 862.784,8.91,0.58,Consumer Cyclical,65.5
COSCO SHP SG,F83,0.121,1.11,SGD 550.854,SGD 181.624,47.31,-,Industrials,76.4
Banyan Tree,B58,0.635,5.85,SGD 537.48,SGD 406.956,11.99,2.10,Consumer Cyclical,87.3
Indofood Agri,5JS,0.370,8.04,SGD 537.423,"SGD 18,307,638",5.93,2.60,Consumer Defensive,82.8
Aztech Gbl,8AZ,0.685,20.62,SGD 532.538,SGD 433.817,13.35,5.80,Technology,88.7
CSE Global,544,0.725,11.16,SGD 532.056,SGD 873.17,18.80,3.12,Technology,98
CNMC Goldmine,5TP,1.340,22.06,SGD 526.876,SGD 88.331,19.18,0.62,Basic Materials,76.4
SamuderaShipping,S56,0.950,12.48,SGD 524.587,SGD 594.539,4.41,2.56,Industrials,78.8
Delfi,P34,0.835,12.79,SGD 522.539,SGD 501.399,15.17,3.33,Consumer Defensive,70.4
Hotel Grand,H18,0.700,-1.08,SGD 521.295,SGD 141.324,-,2.13,Consumer Cyclical,77.1
QAF,Q01,0.895,7.04,SGD 514.865,SGD 632.612,19.89,5.59,Consumer Defensive,85
Sabana Reit,M1GU,0.435,1.99,SGD 495.024,SGD 117.484,43.56,7.32,Real Estate,84.2
TSH Resources,TSH,0.365,6.70,SGD 477.641,"SGD 1,069.007",8.39,2.08,Consumer Defensive,-
Nanofilm,MZH,0.705,2.02,SGD 476.13,SGD 228.773,36.50,0.90,Technology,83.6
PC Partner,PCT,1.200,9.30,SGD 469.339,"SGD 11,492.971",8.81,5.44,Technology,-
Kimly,1D0,0.375,18.41,SGD 466.556,SGD 320.2,15.37,5.33,Consumer Cyclical,62.4
SIIC Environment,BHK,0.179,5.83,SGD 466.195,"SGD 7,449.259",4.08,6.08,Utilities,56.1
UOI,U13,7.700,6.54,SGD 466.001,SGD 8.271,24.92,2.03,Financial Services,93.4
Mewah Intl,MV4,0.305,4.82,SGD 465.207,"SGD 5,860.893",6.20,2.55,Consumer Defensive,82.4
Azeus,BBW,15.200,87.12,SGD 458.1,SGD 474.796,16.49,3.86,Technology,53.1
AEM USD,XWA,1.000,2.40,USD 452.117,USD 397.087,35.58,-,Technology,-
Gallant Venture,5IG,0.082,-6.58,SGD 447.979,SGD 198.151,256.25,-,Utilities,72.3
Oxley,5UX,0.105,-0.74,SGD 447.285,SGD 313.562,-,-,Real Estate,62
Metro,M01,0.545,-17.39,SGD 447.139,SGD 104.504,-,3.70,Consumer Cyclical,73.8
Low Keng Huat,F1E,0.605,0.35,SGD 446.984,SGD 263.517,-,2.48,Real Estate,75
Q&M Dental,QC7,0.460,14.26,SGD 435.055,SGD 180.26,48.94,2.39,Healthcare,65
Oiltek,HQU,0.950,39.00,SGD 411.84,SGD 230.655,40.07,1.15,Industrials,62
Daiwa Hse Log Tr,DHLU,0.575,6.33,SGD 405.931,SGD 58.693,13.24,7.90,Real Estate,71.8
MoneyMax Fin,5WJ,0.450,23.13,SGD 402.447,SGD 447.861,0.75,1.54,Consumer Cyclical,68.9
Tuan Sing,T24,0.310,0.19,SGD 399.81,SGD 156.331,16.93,2.19,Real Estate,92.3
Bonvests,B28,0.985,0.22,SGD 399.509,SGD 221.663,73.16,0.80,Consumer Cyclical,65
LHN,41O,0.910,20.11,SGD 395.352,SGD 137.043,7.92,2.16,Real Estate,81.2
Sing Inv & Fin,S35,1.630,8.10,SGD 390.124,SGD 135.963,8.20,3.94,Financial Services,97.8
IREIT Global SGD,UD1U,0.285,1.60,SGD 390.003,SGD 65.51,28.73,8.34,Real Estate,87.9
Aspial Lifestyle,5UF,0.205,16.90,SGD 388.674,SGD 703.515,7.66,3.71,Consumer Cyclical,48.1
Yeo Hiap Seng,Y03,0.605,1.19,SGD 379.446,SGD 311.843,72.02,3.31,Consumer Defensive,78.9
Sunpower,5GD,0.455,6.10,SGD 367.42,"SGD 3,370.141",16.69,-,Utilities,54.4
Midas,5EN,0.192,-,SGD 364.712,SGD 0,10.54,-,Basic Materials,9
MSC,NPW,0.440,10.86,SGD 363.777,"SGD 1,667.235",19.16,4.88,Basic Materials,-
Valuetronics,BN2,0.815,11.94,SGD 341.206,"SGD 1,729.07",12.08,2.95,Technology,78.4
GSH,BDX,0.166,-2.97,SGD 341.032,SGD 126.541,-,-,Industrials,83.4
Straco,S85,0.395,10.15,SGD 337.909,SGD 78.272,15.31,3.80,Consumer Cyclical,69.6
NSL,N02,0.895,7.50,SGD 328.731,SGD 342.827,9.42,3.41,Basic Materials,45
OKP,5CF,1.050,19.35,SGD 328.449,SGD 212.183,8.03,0.93,Industrials,78.9
MarcoPolo Marine,5LY,0.089,12.30,SGD 326.567,SGD 114.647,14.75,1.15,Industrials,74
Bund Center,BTE,0.430,3.72,SGD 326.271,SGD 82.126,34.13,8.37,Real Estate,50.1
Grand Venture,JLB,0.940,8.82,SGD 318.932,SGD 185.405,32.08,0.32,Technology,81.3
Multi-Chem,AWZ,3.500,20.51,SGD 310.829,SGD 642.123,10.86,7.33,Technology,84.9
CreditBureauAsia,TCU,1.330,22.19,SGD 306.236,SGD 60.346,28.48,3.01,Financial Services,60.9
APAC Realty,CLN,0.685,4.56,SGD 306.036,SGD 636.811,21.85,4.58,Real Estate,80.8
UtdHampshReitUSD,ODBU,0.495,6.86,USD 302.732,USD 71.594,10.40,8.22,Real Estate,87.2
GRC,S3N,0.089,7.26,SGD 301.341,SGD 138.08,18.16,-,Real Estate,75.4
Penguin Intl,BTM,1.310,15.65,SGD 290.624,SGD 297.987,7.33,3.67,Industrials,77.1
Tai Sin Electric,500,0.625,12.09,SGD 289.965,SGD 480.727,11.17,3.73,Industrials,78
NamCheong,1MZ,0.725,"2,182.11",SGD 288.649,SGD 650.941,2.48,-,Industrials,57.5
Prime US ReitUSD,OXMU,0.193,1.13,USD 280.304,USD 126.02,92.86,1.85,Real Estate,84.7
China Fishery,B0Z,0.076,-,SGD 279.941,SGD 0,4.25,-,Consumer Defensive,45
SouthernAlliance,QNS,0.425,-8.44,SGD 264.248,SGD 199.46,-,-,Basic Materials,80.6
Ever Glory,ZKX,0.680,59.16,SGD 259.661,SGD 71.119,30.41,0.91,Industrials,67.9
IREIT Global EUR,8U7U,0.184,1.60,EUR 258.838,EUR 65.51,27.46,-,Real Estate,-
Hiap Hoe,5JK,0.550,0.92,SGD 258.807,SGD 128.643,23.61,1.36,Consumer Cyclical,80
Intl Cement,KUO,0.043,0.06,SGD 252.328,SGD 319.058,18.18,-,Basic Materials,72.6
Micro-Mechanics,5DD,1.790,26.02,SGD 251.648,SGD 65.211,20.29,3.31,Technology,93.2
Hotel Royal,H12,2.030,0.96,SGD 245.549,SGD 69.538,40.76,1.33,Consumer Cyclical,90.4
Helens,HLS,0.165,-5.30,SGD 242.069,SGD 602.057,-,23.94,Consumer Cyclical,-
KepPacOakReitUSD,CMOU,0.225,-0.96,USD 240.224,USD 142.728,-,-,Real Estate,100
Mermaid Maritime,DU4,0.124,7.77,SGD 238.234,SGD 496.891,-,-,Energy,53.7
GP Industries,G20,0.495,7.93,SGD 237.847,"SGD 1,104.7",10.10,6.06,Industrials,75.9
Koh Eco,5HV,0.082,-14.12,SGD 233.907,SGD 194.226,-,-,Industrials,73.4
Hafary,5VS,0.540,22.27,SGD 232.497,SGD 283.705,7.64,2.78,Industrials,77.9
Hock Lian Seng,J2T,0.440,11.79,SGD 227.66,SGD 186.952,11.27,4.04,Industrials,66
EC World Reit,BWCU,0.280,-102.20,SGD 226.755,SGD 63.399,6.00,14.45,Real Estate,70.2
ASL Marine,A04,0.220,14.21,SGD 226.387,SGD 350.099,14.86,-,Industrials,76.4
BHG Retail Reit,BMGU,0.435,-0.61,SGD 226.027,SGD 57.71,-,1.08,Real Estate,80.8
Rex Intl,5WH,0.170,-48.89,SGD 225.302,SGD 294.711,-,-,Energy,81.3
Aspial Corp,A30,0.102,1.32,SGD 224.044,SGD 776.506,11.10,-,Consumer Cyclical,71
Info-Tech,ITS,0.850,422.79,SGD 221.88,SGD 44.71,20.47,1.80,Technology,-
KSH,ER0,0.380,-2.07,SGD 219.348,SGD 181.5,-,3.25,Industrials,65.1
EliteUKREIT GBP,MXNU,0.355,9.14,GBP 216.597,GBP 39.168,14.20,8.48,Real Estate,76.6
Global Inv,B73,0.130,9.63,SGD 215.774,SGD 13.107,14.56,6.11,Financial Services,95.4
PSC Corporation,DM0,0.390,6.91,SGD 212.666,SGD 480.637,9.95,4.62,Consumer Cyclical,66.1
Yoma Strategic,Z59,0.086,4.52,SGD 207.8,SGD 204.444,22.38,-,Industrials,92.1
Avarga Ltd,X5N,2.280,6.82,SGD 207.095,"SGD 1,591.336",-,52.63,Industrials,-
Thakral,AWI,1.620,18.44,SGD 204.568,SGD 320.94,1.61,2.48,Consumer Cyclical,80.4
ISEC,40T,0.350,15.02,SGD 201.495,SGD 76.651,15.42,2.00,Healthcare,57.4
Chuan Hup,C33,0.210,2.71,SGD 195.821,SGD 18.094,24.77,4.65,Real Estate,72.6
Pacific Andes,P11,0.022,-,SGD 189.723,SGD 0,1.49,-,Consumer Defensive,50
Tiong Woon,BQM,0.785,6.08,SGD 186.627,SGD 163.524,9.71,0.75,Industrials,82.2
SingHoldings,5IC,0.455,3.08,SGD 186.463,SGD 18.174,15.98,2.15,Real Estate,80.9
ISDN,I07,0.400,4.20,SGD 185.895,SGD 410.765,30.37,1.15,Industrials,85
Asian Pay Tv Tr,S7OU,0.101,6.90,SGD 184.248,SGD 246.364,13.25,10.29,Communication Services,60.6
Del Monte Pac,D03,0.092,-,SGD 180.788,SGD 812.762,2.59,-,Consumer Defensive,100.4
XMH,BQF,1.630,36.56,SGD 179.816,SGD 167.123,7.04,0.15,Industrials,68.1
JB Foods,BEW,0.500,1.06,SGD 174.99,SGD 777.898,4.01,4.06,Consumer Defensive,65
17LIVE GROUP,LVR,0.965,-3.71,SGD 172.935,SGD 170.823,-,1.56,Technology,73.2
Nordic,MR7,0.415,14.16,SGD 171.36,SGD 167.063,9.77,4.01,Industrials,76.4
Lum Chang,L19,0.460,9.47,SGD 170.454,SGD 462.868,10.94,6.59,Industrials,60.2
Jumbo,42R,0.280,24.73,SGD 168.34,SGD 190.689,13.33,3.57,Consumer Cyclical,77.7
GHY Culture,XJB,0.156,-23.98,SGD 165.756,SGD 452.248,-,0.65,Communication Services,81.9
Hyflux,600,0.210,-,SGD 164.91,SGD 0,-,-,Utilities,38
Spindex Ind,564,1.420,3.96,SGD 163.818,SGD 181.01,24.61,1.90,Industrials,68
Lum Chang Creat,LCC,0.520,74.55,SGD 163.8,SGD 113.55,12.69,-,Industrials,-
Addvalue Tech,A31,0.046,27.56,SGD 157.634,SGD 15.528,60.46,-,Technology,72.5
Oceanus,579,0.005,4.43,SGD 154.576,SGD 282.576,0.98,-,Consumer Defensive,46
Acro HTrust USD,XZL,0.265,-5.56,USD 153.727,USD 162.977,-,4.80,Real Estate,77.6
PacificRadiance,RXS,0.104,43.88,SGD 153.511,SGD 49.157,6.29,0.47,Industrials,56
RH PetroGas,T13,0.170,29.60,SGD 146.286,SGD 83.604,8.60,-,Energy,59
HG Metal,BTG,0.515,4.97,SGD 144.239,SGD 172.241,13.39,-,Basic Materials,76.8
Tat Seng Pkg,T12,0.870,9.56,SGD 138.336,SGD 237.795,8.76,6.82,Consumer Cyclical,79.4
Old Chang Kee,5ML,1.130,21.52,SGD 137.153,SGD 101.952,12.09,1.77,Consumer Cyclical,69.9
ManulifeReit USD,BTOU,0.075,-34.26,USD 136.796,USD 141.207,-,-,Real Estate,91.9
Nam Lee Metal,G0I,0.545,7.64,SGD 134.341,SGD 201.353,6.29,2.70,Industrials,79.5
Grand Banks,G50,0.685,19.24,SGD 134.341,SGD 162.316,7.53,2.08,Consumer Cyclical,67.8
Hotung Inv,BLS,1.400,2.60,SGD 132.774,SGD 196.765,-,7.76,Financial Services,58.5
Sinostar Pec,C9Q,0.138,12.21,SGD 132.48,"SGD 5,156.9",5.84,-,Energy,52.5
Hiap Seng Ind,1L2,0.028,24.21,SGD 129.899,SGD 22.862,18.13,-,Industrials,59
Heeton,5DP,0.265,-0.32,SGD 129.183,SGD 77.923,-,1.89,Consumer Cyclical,55.6
InnoTek,M14,0.755,3.33,SGD 126.379,SGD 219.012,41.35,3.64,Industrials,68.2
Union Gas,1F2,0.395,17.11,SGD 125.431,SGD 127.892,10.79,4.05,Consumer Cyclical,79.3
YHI Intl,BPF,0.415,3.43,SGD 124.036,SGD 404.397,26.40,5.41,Consumer Cyclical,74.1
Koh Bros,K75,0.290,-2.08,SGD 123.738,SGD 277.644,28.30,0.33,Industrials,72.5
Spura Finance,S23,0.765,2.40,SGD 122.982,SGD 25.644,18.47,2.58,Financial Services,83.4
MYP,F86,0.071,-0.87,SGD 121.028,SGD 18.289,-,-,Real Estate,63.6
Ley Choon,Q0X,0.080,22.14,SGD 120.461,SGD 130.5,8.31,3.75,Industrials,61.8
FortressMinerals,OAJ,0.230,8.35,SGD 120.363,SGD 63.389,22.99,2.00,Basic Materials,81.1
OUE Healthcare,5WA,0.027,-2.08,SGD 119.964,SGD 150.486,-,-,Healthcare,80.3
Eagle HTrust USD,LIW,0.137,-,USD 119.567,USD 0,4.28,-,Real Estate,-
SingShipping,S19,0.290,8.96,SGD 118.17,SGD 48.554,8.13,3.39,Industrials,77.3
ProsperCap,PPC,0.073,-17.99,SGD 117.236,SGD 248.319,-,-,Consumer Cyclical,73.3
Lippo Malls Tr,D5IU,0.015,-5.23,SGD 115.452,SGD 197.404,16.67,-,Real Estate,76.6
Alita Resources,40F,0.078,-,SGD 115.161,SGD 0,-,-,Basic Materials,48
Willas-Array,BDR,1.110,-28.37,SGD 114.318,"SGD 2,495.255",-,-,Technology,76.4
AF Global,L38,0.108,-1.47,SGD 114.009,SGD 31.173,77.14,32.41,Consumer Cyclical,78
EnGro,S44,0.950,0.42,SGD 112.767,SGD 206.286,12.10,3.16,Basic Materials,69.5
Hyphens Pharma,1J5,0.370,15.23,SGD 112.74,SGD 185.318,17.80,4.11,Healthcare,90.3
WinkingStudios,WKS,0.255,1.47,SGD 112.293,SGD 36.059,393.62,0.09,Communication Services,77.2
Baker Technology,BTP,0.535,8.01,SGD 111.583,SGD 62.633,-,3.64,Energy,79.3
Vibrant Group,BIP,0.160,3.42,SGD 108.673,SGD 149.866,14.16,2.50,Industrials,60.9
Envictus,BQD,0.355,28.72,SGD 107.984,SGD 742.436,6.99,-,Consumer Defensive,68.4
Sarine Tech,U77,0.320,1.82,SGD 107.532,SGD 32.665,-,-,Technology,58.4
New Toyo,N08,0.245,6.19,SGD 107.483,SGD 314.487,16.12,5.71,Consumer Cyclical,78.3
METAOPTICS LTD,9MT,0.450,-83.70,SGD 106.183,SGD 0.132,-,-,Technology,-
ResourcesGbl,V7R,0.210,16.33,SGD 105,SGD 101.54,7.58,3.43,Industrials,66.9
Powermatic Data,BCY,2.930,4.35,SGD 103.846,SGD 14.356,31.86,1.69,Technology,69
JEP,1J4,0.250,3.99,SGD 103.256,SGD 56.851,28.25,-,Industrials,79.3
KingsmenCreative,5MZ,0.505,11.44,SGD 102.994,SGD 377.187,7.63,3.92,Industrials,54.1
Parkson Retail,O9E,0.151,97.52,SGD 102.418,SGD 213.601,4.69,-,Consumer Cyclical,73.4
Duty Free Intl,5SO,0.082,14.89,SGD 99.451,SGD 154.382,5.42,8.61,Consumer Cyclical,51.5
iWOW Tech,NXR,0.370,-9.05,SGD 98.675,SGD 34.581,-,-,Technology,79
AnAn Intl,Y35,0.022,-1.10,SGD 97.363,"SGD 2,516.471",30.09,-,Energy,54.2
Metis Energy,L02,0.031,-15.57,SGD 97.066,SGD 4.611,-,-,Utilities,47.3
Alset,40V,0.026,-20.40,SGD 94.303,SGD 15.619,-,-,Real Estate,70.6
Huationg Global,41B,0.520,15.69,SGD 93.937,SGD 227.572,6.61,2.08,Industrials,81.8
Choo Chiang,42E,0.450,17.73,SGD 92.407,SGD 90.132,8.32,5.84,Technology,76
Astaka,42S,0.048,-18.22,SGD 89.733,SGD 41.815,-,-,Real Estate,72.5
Vallianz,WPC,0.080,-70.04,SGD 89.66,SGD 212.987,-,-,Industrials,58
Broadway Ind,B69,0.194,12.92,SGD 88.679,SGD 341.639,6.77,5.15,Technology,91
Sim Leisure,URR,0.530,21.23,SGD 87.644,SGD 153.955,15.56,1.70,Consumer Cyclical,72.7
GKE,595,0.100,9.10,SGD 87.577,SGD 126.519,8.95,3.43,Industrials,66
Kencana Agri,BNE,0.300,33.40,SGD 87.538,SGD 186.351,3.19,-,Consumer Defensive,71.5
Raffles Edu,NR7,0.059,1.34,SGD 86.209,SGD 111.71,11.27,-,Consumer Defensive,67.5
Sanli Env,1E3,0.280,4.77,SGD 84.534,SGD 157.572,48.28,0.62,Industrials,68
ABR,533,0.420,3.71,SGD 84.418,SGD 140.671,22.11,3.57,Consumer Cyclical,63
Overseas Edu,RQ1,0.187,4.55,SGD 78.504,SGD 85.499,37.80,6.35,Consumer Defensive,81.5
Taka Jewellery,42L,0.140,9.26,SGD 78.317,SGD 178.443,6.25,1.28,Consumer Cyclical,76.9
IX Biopharma,42C,0.088,-431.07,SGD 78.14,SGD 7.767,-,-,Healthcare,69.5
SHS,566,0.127,2.32,SGD 77.515,SGD 82.977,25.40,1.80,Industrials,80
Zhongmin Baihui,5SR,0.400,20.54,SGD 76.653,SGD 951.261,9.85,2.50,Consumer Cyclical,74.9
Sin Heng Mach,BKA,0.690,5.86,SGD 75.038,SGD 49.95,14.32,1.45,Industrials,80.9
Beng Kuang,BEZ,0.345,75.59,SGD 74.64,SGD 102.75,12.20,1.67,Energy,72.8
Pollux Prop,5AE,0.026,0.19,SGD 74.506,SGD 13.493,-,-,Real Estate,52.1
Ying Li Intl,5DM,0.029,-9.56,SGD 74.154,SGD 202.816,-,-,Real Estate,74.3
Fu Yu,F13,0.096,-3.27,SGD 73.913,SGD 120.59,-,-,Industrials,71
TeleChoice Intl,T41,0.164,12.53,SGD 73.609,SGD 460.01,10.19,0.77,Communication Services,77.3
World Precision,B49,0.184,0.71,SGD 73.6,SGD 948.42,-,-,Industrials,80.4
UnionSteel,ZB9,0.620,10.32,SGD 73.243,SGD 106.143,7.75,2.10,Industrials,65.1
SUTL Enterprise,BHU,0.830,12.57,SGD 73.152,SGD 40.155,8.94,6.06,Consumer Cyclical,65.6
Serial System,S69,0.078,0.41,SGD 71.483,SGD 806.611,8.47,-,Technology,90.4
Medtecs Intl,546,0.130,-19.05,SGD 71.383,SGD 65.334,-,-,Healthcare,66
UnUsUaL,1D1,0.069,-58.96,SGD 70.528,SGD 53.219,-,-,Communication Services,53.6
Goodwill,GEH,0.170,31.71,SGD 68.8,SGD 53.806,21.40,4.36,Communication Services,-
Hor Kew,BBP,1.310,17.37,SGD 68.208,SGD 81.091,4.57,2.29,Industrials,63.5
Shen Yao,A78,0.002,18.10,SGD 67.412,SGD 79.177,-,-,Basic Materials,63
Alpina Holdings,ZXY,0.365,8.35,SGD 67.284,SGD 91.905,15.60,3.26,Industrials,66
Uni-Asia Grp,CHJ,0.850,-21.39,SGD 67.203,SGD 29.798,-,3.51,Industrials,91.3
YKGI,YK9,0.156,25.86,SGD 66.725,SGD 63.45,15.70,4.59,Consumer Cyclical,74.7
CSC,C06,0.018,2.33,SGD 66.296,SGD 337.811,38.00,1.84,Industrials,60.6
BBR,KJ5,0.200,18.31,SGD 66.089,SGD 291.231,30.15,1.46,Industrials,79.1
ISOTeam,5WF,0.083,11.29,SGD 65.852,SGD 119.209,11.37,0.96,Industrials,53.7
TIH,T55,0.270,13.75,SGD 65.255,SGD 3.648,6.46,3.70,Financial Services,76.5
Kim Heng,5G2,0.092,0.51,SGD 64.854,SGD 134.305,38.33,-,Energy,79.1
IFS Capital,I49,0.170,1.06,SGD 63.915,SGD 56.222,23.61,2.94,Financial Services,68.5
FSL Trust,D8DU,0.037,18.08,SGD 63.65,SGD 7.358,5.67,-,Industrials,79.8
UGHealthcare,8K7,0.101,-2.36,SGD 63.63,SGD 144.074,-,-,Healthcare,77.5
Salt Investments,FQ7,0.003,-66.48,SGD 63.419,SGD 7.396,-,-,Energy,40.4
MTQ,M05,0.280,6.05,SGD 62.438,SGD 63.277,18.06,3.57,Energy,60.5
MegaChem,5DS,0.440,14.57,SGD 61.318,SGD 127.739,8.08,2.17,Basic Materials,81.9
MDR Limited,Y3D,0.067,4.48,SGD 60.908,SGD 226.45,10.89,3.28,Technology,84.3
Skylink,XZB,0.335,-,SGD 60.842,SGD 0,-,-,Financial Services,-
Audience,1AZ,0.255,30.12,SGD 59.785,SGD 14.788,12.50,5.77,Industrials,80.5
Jiutian Chemical,C8R,0.028,-21.38,SGD 59.653,SGD 86.209,-,-,Basic Materials,58.2
Karin Tech,K29,0.275,4.69,SGD 59.489,"SGD 1,929.544",18.56,5.47,Technology,66.1
Zixin,42W,0.036,7.84,SGD 58.804,SGD 424.68,7.39,-,Consumer Defensive,65.4
Dezign Format,UZF,0.285,55.68,SGD 58,SGD 33.507,11.69,-,Industrials,-
Asia Enterprises,A55,0.151,0.37,SGD 56.538,SGD 36.425,1.40,3.27,Basic Materials,65.5
9R,1Y1,0.050,-38.31,SGD 55.593,SGD 7.712,-,-,Technology,77
HC Surgical,1B1,0.355,47.36,SGD 55.215,SGD 19.108,6.56,4.17,Healthcare,60.1
Trendlines,42T,0.046,-13.52,SGD 54.057,SGD 0.643,-,-,Financial Services,90
KOP,5I1,0.049,-1.76,SGD 53.182,SGD 69.676,-,1.88,Real Estate,56.1
Reclaims Global,NEX,0.405,17.53,SGD 53.055,SGD 47.24,10.31,2.96,Industrials,68
Amcorp Global,S9B,0.115,3.41,SGD 51.451,SGD 5.646,23.00,-,Real Estate,71.5
Atlantic Nav,5UL,0.096,80.99,SGD 50.781,SGD 14.047,9.13,214.95,Industrials,47.7
Yongmao,BKX,0.570,3.51,SGD 50.587,SGD 880.296,8.38,1.75,Industrials,41.3
LHT,BEI,0.930,3.88,SGD 49.518,SGD 29.091,23.85,5.38,Basic Materials,80.3
Stamford Tyres,S29,0.200,0.83,SGD 48.664,SGD 191.437,52.56,4.88,Consumer Cyclical,77.9
Vicplas Intl,569,0.096,-3.23,SGD 48.552,SGD 115.768,-,-,Healthcare,62
Creative,C76,0.650,-23.01,SGD 46.462,SGD 67.435,-,-,Technology,62
Ellipsiz,BIX,0.295,3.75,SGD 46.398,SGD 57.755,23.93,3.57,Technology,78.3
LMS Compliance,LMS,0.400,16.38,SGD 46.323,SGD 26.09,26.43,2.72,Industrials,82.9
Ossia Intl,O08,0.171,11.96,SGD 46.231,SGD 29.944,6.58,-,Consumer Cyclical,49.6
Attika Group,53W,0.330,39.14,SGD 45.56,SGD 35.425,17.75,2.19,Industrials,-
Zhongxin Fruit,5EG,0.042,19.54,SGD 45.385,SGD 238.683,8.41,-,Consumer Defensive,68.5
Yunnan Energy,T43,0.096,0.30,SGD 44.944,SGD 510.351,-,-,Technology,43
Chemical Ind,C05,0.590,-18.23,SGD 44.808,SGD 65.374,-,0.85,Basic Materials,50.1
Enviro-Hub,L23,0.028,-37.04,SGD 44.694,SGD 35.051,-,-,Industrials,65.3
Cordlife,P8A,0.174,-14.90,SGD 44.598,SGD 37.642,-,-,Healthcare,16
Aspen,1F3,0.040,25.32,SGD 44.412,SGD 246.906,2.49,-,Real Estate,64.5
Global Testing,AYN,1.340,11.01,SGD 44.024,SGD 45.6,4.70,1.89,Technology,49.6
Keong Hong,5TT,0.183,-7.70,SGD 43.477,SGD 204.774,3.21,-,Industrials,71.6
Ascent Bridge,AWG,0.400,-9.89,SGD 42.998,SGD 2.06,-,-,Basic Materials,51.6
GS Hldg,43A,0.040,-147.04,SGD 42.565,SGD 13.231,-,-,Consumer Cyclical,52.4
NeraTel,N01,0.115,-6.34,SGD 42.342,SGD 95.622,-,-,Technology,61.4
Wong Fong Ind,1A1,0.180,6.47,SGD 42.3,SGD 66.14,10.71,3.33,Industrials,77
Wilton Resources,5F7,0.017,-54.36,SGD 41.984,"SGD 1,341",-,-,Basic Materials,71
Pavillon,596,0.026,6.39,SGD 41.614,SGD 17.382,-,-,Consumer Cyclical,53
EFH Ltd,8YY,0.024,-,SGD 41.603,SGD 2.478,-,-,Healthcare,52.4
Tiong Seng,BFI,0.090,3.87,SGD 41.497,SGD 406.847,-,-,Industrials,69.4
Goodland,5PC,0.115,-1.07,SGD 41.293,SGD 10.942,-,4.35,Real Estate,67.6
HGH,5GZ,0.024,-0.43,SGD 40.96,SGD 36.943,16.43,-,Industrials,73.4
SAM Holdings,9G2,0.041,-38.08,SGD 40.357,SGD 15.709,-,-,Healthcare,32.6
China EnvRes,UIX,0.074,-10.28,SGD 39.877,SGD 60.749,-,-,Consumer Cyclical,-
Combine Will,N0Z,1.220,6.14,SGD 39.439,"SGD 1,682.399",5.85,4.10,Consumer Cyclical,68.1
Totm Tech,42F,0.026,-75.14,SGD 39,SGD 8.091,-,-,Technology,69.5
Abundance Intl,541,0.028,0.75,SGD 38.451,SGD 630.317,-,-,Basic Materials,63
PNE Industries,BDA,0.455,1.86,SGD 38.182,SGD 66.954,25.28,6.59,Technology,75
CH Offshore,C13,0.017,2.81,SGD 38.064,SGD 22.23,34.64,-,Energy,67.6
Eneco Energy,R14,0.010,-3.62,SGD 38.009,SGD 32.487,100.00,-,Industrials,77
Intraco,I06,0.390,3.28,SGD 37.852,SGD 165.145,15.30,18.57,Industrials,77.8
TA,PA3,0.073,7.33,SGD 37.819,SGD 92.759,-,-,Industrials,68
Mooreast,1V3,0.146,-11.40,SGD 37.814,SGD 36.578,16.40,-,Industrials,68.5
Fuji Offset,508,0.610,3.04,SGD 36.547,SGD 3.379,75.31,0.82,Industrials,70
PlatoCapital,YYN,2.960,1.13,SGD 36.047,SGD 0.571,24.75,-,Financial Services,77.6
A-Sonic Aero,BTJ,0.325,6.25,SGD 35.918,SGD 267.091,10.29,1.47,Industrials,57.1
Chasen,5NV,0.092,48.74,SGD 35.57,SGD 116.322,-,-,Industrials,59.6
Leader Env,LS9,0.023,-115.20,SGD 35.302,SGD 4.435,-,124.78,Industrials,55.2
Avi-Tech Hldg,1R6,0.205,1.29,SGD 35.064,SGD 21.592,52.56,3.66,Technology,92.4
Samurai 2K,Y8E,0.104,-10.64,SGD 34.795,SGD 81.213,-,3.27,Basic Materials,68.6
SDAI,5TI,0.080,-,SGD 33.973,SGD 0.429,-,-,Consumer Cyclical,40
Hiap Tong,5PO,0.107,3.14,SGD 33.958,SGD 91.916,10.92,0.93,Industrials,65
Datapulse Tech,BKW,0.143,1.32,SGD 33.867,SGD 6.055,57.20,-,Consumer Cyclical,68.4
King Wan,554,0.048,4.93,SGD 33.521,SGD 86.756,9.80,-,Industrials,62
ETC Singapore,1C0,0.034,-151.29,SGD 33.39,SGD 17.292,10.97,-,Real Estate,82
Soon Lian,5MD,0.290,14.23,SGD 32.94,SGD 81.333,5.39,0.98,Basic Materials,51.5
Ezra,5DN,0.011,-,SGD 32.329,SGD 0,-,-,Energy,30
Sheffield Green,SGR,0.143,12.63,SGD 32.222,SGD 19.337,25.68,2.31,Industrials,41.1
Lion Asiapac,BAZ,0.420,-1.42,SGD 32.036,SGD 17.267,-,-,Basic Materials,65.5
Alliance HC,MIJ,0.155,6.47,SGD 31.991,SGD 77.111,20.95,-,Healthcare,68.5
ST Group Food,DRX,0.125,1.95,SGD 31.919,SGD 62.51,33.30,3.85,Consumer Cyclical,66
BH Global,BQN,0.105,4.74,SGD 31.5,SGD 55.254,17.80,4.76,Industrials,82.9
Courage Inv,CIN,0.020,2.94,SGD 31.071,SGD 8.494,-,-,Industrials,-
HL Global Ent,AVX,0.320,2.09,SGD 30.992,SGD 5.762,23.40,-,Consumer Cyclical,78.2
Trek 2000 Intl,5AB,0.100,1.17,SGD 30.577,SGD 18.684,77.18,-,Technology,66.4
Hengyang Petro,5PD,0.150,0.08,SGD 30.519,SGD 0,-,-,Energy,74.4
A-Smart,BQC,0.113,-4.76,SGD 30.319,SGD 7.027,-,-,Industrials,56.1
Aedge Group,XVG,0.280,-5.79,SGD 30.226,SGD 28.041,-,-,Industrials,75.5
Vins Holdings,VIN,0.260,16.89,SGD 30.156,SGD 107.319,11.33,3.35,Consumer Cyclical,-
MindChamps,CNE,0.128,0.02,SGD 30.116,SGD 65.999,23.62,-,Consumer Defensive,65.4
Secura,43B,0.074,7.41,SGD 30,SGD 55.928,8.72,1.83,Industrials,68.3
Medinex,OTX,0.225,17.27,SGD 29.856,SGD 12.813,10.71,7.47,Healthcare,65.9
Aoxin Q & M,1D4,0.039,-0.66,SGD 29.668,SGD 187.522,-,-,Healthcare,84.3
Jawala,1J7,0.250,-7.91,SGD 29.619,SGD 10.184,-,-,Basic Materials,63.4
The Place Hldg,E27,0.006,-3.10,SGD 29.403,SGD 0,-,-,Communication Services,67
CDW,BXE,0.121,-8.87,SGD 29.313,SGD 85.245,-,7.87,Technology,87.8
Niks Prof,NPL,0.225,10.51,SGD 29.25,SGD 11.267,15.10,4.44,Healthcare,86.8
Japan Foods,5OI,0.160,-30.72,SGD 29.179,SGD 83.587,-,-,Consumer Cyclical,84.4
Federal Int,BDU,0.190,5.78,SGD 28.837,SGD 73.835,9.28,2.44,Energy,72.7
Advancer Global,43Q,0.113,4.13,SGD 28.384,SGD 66.664,20.18,-,Industrials,69.5
Sunright,S71,0.225,-8.14,SGD 28.245,SGD 72.982,-,-,Technology,70.2
Tye Soon,BFU,0.320,6.87,SGD 27.925,SGD 259.584,6.97,5.98,Industrials,67.9
AusGroup,5GJ,0.009,-137.22,SGD 27.659,SGD 245.052,-,-,Industrials,52
Southern Arch,A33,0.001,-5.84,SGD 27.571,SGD 4.692,-,-,Industrials,47.9
Triyards,RC5,0.084,-,SGD 27.259,SGD 0,-,-,Industrials,46
AlphaDX,VVL,0.112,-,SGD 27.211,SGD 9.043,0.14,-,Technology,-
LY Corp,1H8,0.055,-3.26,SGD 26.884,SGD 214.823,-,-,Consumer Cyclical,74.4
Tung Lok Rest,540,0.097,-12.07,SGD 26.617,SGD 82.122,-,-,Consumer Cyclical,62
Soup Holdings,5KI,0.095,-28.56,SGD 26.536,SGD 37.107,-,0.53,Consumer Cyclical,77.9
EcoWise,5CT,0.023,8.29,SGD 26.423,SGD 34.724,0.40,-,Industrials,78
Samko Timber,E6R,0.003,-,SGD 25.939,"SGD 123,249",-,-,Basic Materials,79.3
Regal Intl,UV1,0.115,-,SGD 25.865,SGD 0,-,-,Real Estate,49
Pan Hong,P36,0.050,1.81,SGD 25.616,SGD 319.971,7.55,-,Real Estate,59.2
Casa,C04,0.117,12.67,SGD 24.55,SGD 20.991,3.13,1.71,Consumer Cyclical,71.1
Don Agro,GRQ,0.159,-41.68,SGD 23.893,SGD 0,-,-,Consumer Defensive,62
AsiaMedic,505,0.019,7.33,SGD 23.72,SGD 32.37,21.88,-,Healthcare,66
Noel Gifts Intl,543,0.225,0.69,SGD 23.569,SGD 17.604,89.95,11.30,Consumer Cyclical,72
SunMoonFood,AAJ,0.026,-20.87,SGD 23.485,SGD 33.831,-,-,Consumer Defensive,42.5
AP Oil,5AU,0.140,3.55,SGD 23.034,SGD 54.389,11.28,3.57,Energy,48.9
Mencast,5NF,0.048,7.55,SGD 22.999,SGD 53.041,0.09,-,Energy,89.5
Sino Grandness,T4B,0.020,8.41,SGD 22.988,"SGD 1,380.708",0.55,-,Consumer Defensive,42
Interra Resource,5GI,0.036,9.43,SGD 22.893,SGD 14.473,4.13,-,Energy,69
FoodInnovators,KYB,0.200,-150.40,SGD 22.609,SGD 43.136,-,-,Consumer Cyclical,-
Amplefield Ltd,AOF,0.022,0.95,SGD 22.453,SGD 9.428,34.25,-,Real Estate,80.2
OneApex,5SY,0.265,60.30,SGD 22.392,SGD 77.793,3.10,3.77,Financial Services,62.1
Khong Guan,K03,0.865,-0.49,SGD 22.328,SGD 73.378,-,-,Consumer Defensive,80
Mercurius,5RF,0.016,-,SGD 22.288,SGD 0,-,-,Real Estate,37
Hong Lai Huat,CTO,0.043,-11.95,SGD 22.267,SGD 0.664,-,-,Real Estate,55.4
Southern Pkg,BQP,0.315,-3.68,SGD 22.151,SGD 639.303,-,-,Consumer Cyclical,76.3
Sen Yue,5BS,0.022,-41.39,SGD 21.654,SGD 49.91,-,-,Basic Materials,58
OTS Holdings,OTS,0.101,-1.15,SGD 21.614,SGD 29.75,-,-,Consumer Defensive,82.4
ProsperaGlobal,5HH,0.025,-191.48,SGD 21.536,SGD 0.309,-,-,Consumer Cyclical,53.9
TC Auto,VI2,0.032,-71.35,SGD 21.226,"SGD 2,153.026",-,-,Consumer Cyclical,55.6
Annica,5AL,0.001,-4.12,SGD 21.027,SGD 12.605,32.26,-,Energy,59.1
Hatten Land,PH0,0.011,-35.30,SGD 20.428,SGD 112.407,-,-,Real Estate,66
Serial Achieva,XHV,0.115,-221.90,SGD 20.033,SGD 109.511,-,-,Technology,74.4
Qian Hu,BCV,0.180,0.90,SGD 19.867,SGD 71.358,145.83,2.29,Consumer Cyclical,101.3
MM2 Asia,1B0,0.003,-267.93,SGD 19.607,SGD 165.13,-,-,Communication Services,34
H2G Green,5AI,0.012,-24.16,SGD 19.131,SGD 15.459,-,-,Consumer Cyclical,62.5
AnnAik,A52,0.066,3.13,SGD 19.042,SGD 46.472,8.92,-,Basic Materials,73.1
Livingstone,PRH,0.027,10.96,SGD 18.858,SGD 27.648,37.50,-,Healthcare,71.5
Brook Crompton,AWC,0.520,5.29,SGD 18.439,SGD 60.181,8.09,3.85,Industrials,70.7
CapAllianz,594,0.003,-5.14,SGD 18.407,SGD 3.448,-,-,Energy,59
Sapphire,BRD,0.045,0.24,SGD 18.342,SGD 418.721,112.41,-,Industrials,71.8
Koda,BJZ,0.215,1.21,SGD 17.883,SGD 52.73,25.14,-,Consumer Cyclical,83.1
ChinaKangdaFood,P74,0.024,-4.02,SGD 17.874,"SGD 1,743.716",-,-,Consumer Defensive,56
AP Strategic,5RA,0.001,-16.96,SGD 17.829,SGD 0.051,-,-,Consumer Cyclical,51.6
Yamada Green Res,BJV,0.101,-8.36,SGD 17.828,SGD 14.186,-,-,Real Estate,52.6
Full Apex,BTY,0.405,-,SGD 17.807,SGD 0,-,-,Consumer Cyclical,7
Anchun Intl,BTX,0.385,3.59,SGD 17.803,SGD 182.267,5.11,5.61,Basic Materials,72.7
CharismaEnergy,YSV,0.069,-,SGD 17.757,SGD 6.873,0.06,-,Utilities,-
AsiaPhos,5WV,0.012,41.09,SGD 17.756,SGD 6.723,-,-,Basic Materials,37.1
Ouhua Energy,AJ2,0.048,-25.86,SGD 17.529,"SGD 2,530.95",-,-,Utilities,50.8
GDS Global,5VP,0.078,-32.71,SGD 17.52,SGD 18.957,-,-,Industrials,73.1
Polaris,5BI,0.001,-29.24,SGD 17.053,SGD 23.024,-,-,Consumer Cyclical,64.5
Lincotrade,BFT,0.099,22.42,SGD 17.031,SGD 73.643,6.64,3.23,Industrials,62.6
VCPlus,43E,0.003,-122.34,SGD 17.012,SGD 0.347,-,-,Industrials,71.3
ZICO Hldgs,40W,0.041,-21.22,SGD 16.833,SGD 17.415,-,-,Industrials,76.3
Sitra,5LE,0.011,-15.03,SGD 16.316,SGD 13.619,-,-,Consumer Cyclical,65.5
Hosen,5EV,0.050,5.71,SGD 16.245,SGD 70.686,6.33,4.00,Consumer Defensive,80
Capital World,1D5,0.001,-11.18,SGD 16.1,SGD -4.263,-,-,Real Estate,64.6
Dasin Retail Tr,CEDU,0.020,-31.01,SGD 16.089,SGD 71.823,-,-,Real Estate,74.6
Memiontec Hldgs,TWL,0.014,-41.72,SGD 16.001,SGD 38.74,-,-,Utilities,73.4
Kori,5VC,0.160,1.30,SGD 15.872,SGD 20.365,-,-,Industrials,76.4
Mun Siong Engg,MF6,0.027,-11.20,SGD 15.701,SGD 66.258,-,-,Industrials,83.3
Coolan Group,BMT,0.075,-,SGD 15.635,SGD 1.133,-,-,Energy,60
OxPay Financial,TVV,0.048,-109.83,SGD 15.563,SGD 4.096,-,-,Technology,60.2
Nippecraft,N32,0.044,1.51,SGD 15.462,SGD 102.231,12.67,-,Basic Materials,86.4
Abundante,570,0.150,1.28,SGD 15.265,SGD 7.326,65.22,-,Industrials,54
Jason Marine,5PF,0.145,3.53,SGD 15.225,SGD 48.619,19.59,3.45,Technology,66.5
EuroSports Gbl,5G1,0.060,-172.43,SGD 15.18,SGD 53.623,-,-,Consumer Cyclical,74.4
Hoe Leong,H20,0.001,2.86,SGD 15.147,SGD 44.302,-,-,Industrials,76.5
China Mining,BHD,0.036,-122.65,SGD 15.096,SGD 0,-,-,Consumer Defensive,28.4
TT Intl,T09,0.014,-,SGD 14.677,SGD 19.853,-,-,Consumer Cyclical,37
Acesian Partners,5FW,0.031,2.24,SGD 14.652,SGD 4.951,-,-,Industrials,58.5
AMOS Group,49B,0.068,-16.61,SGD 14.167,SGD 58.107,-,-,Energy,53
DISA,532,0.001,-137.13,SGD 14.09,SGD 6.095,-,-,Technology,34
OIO,KUX,0.065,-,SGD 14.019,SGD 0.453,-,-,Technology,63.4
NoonTalk Media,SEJ,0.070,-358.41,SGD 13.86,SGD 6.257,-,-,Communication Services,55.1
Pharmesis Intl,BFK,0.435,14.70,SGD 13.79,SGD 70.978,6.68,-,Healthcare,76.4
Advanced,BLZ,0.132,-9.22,SGD 13.367,SGD 5.357,-,-,Energy,65.6
Ocean Sky Intl,1B6,0.031,-0.22,SGD 13.349,SGD 34.366,10.33,-,Industrials,62.6
LS 2 Holdings,ENV,0.072,13.55,SGD 13.32,SGD 69.047,6.67,-,Industrials,73.3
CFM,5EB,0.066,-1.37,SGD 13.301,SGD 24.721,-,-,Industrials,62
Adventus,5EF,0.004,-33.29,SGD 13.226,SGD 6.487,-,-,Industrials,68.8
BACUI TECH,YYB,0.003,5.59,SGD 13.074,SGD 60.775,8.82,0.37,Communication Services,70.3
FJ Benjamin,F10,0.011,-61.57,SGD 13.06,SGD 60.46,-,-,Consumer Cyclical,71.5
Olive Tree,1H2,0.112,-5.38,SGD 12.975,SGD 1.284,-,-,Real Estate,74.3
IPC Corp,AZA,0.152,13.36,SGD 12.964,SGD 1.979,2.48,-,Real Estate,58.5
Clearbridge,1H3,0.003,-37.19,SGD 12.887,SGD 10.271,-,-,Healthcare,36.9
Tritech,5G9,0.010,1.85,SGD 12.815,SGD 22.782,-,-,Industrials,64.5
GSS Energy,41F,0.013,-41.50,SGD 12.802,SGD 103.102,-,-,Technology,76.4
G Invacom,QS9,0.051,-29.11,SGD 12.768,SGD 30.212,-,-,Technology,68.4
Progen,583,0.032,-2.77,SGD 12.496,SGD 6.21,-,-,Industrials,64
Boldtek,5VI,0.035,-24.66,SGD 12.378,SGD 42.786,-,-,Industrials,57
IPS Securex,42N,0.025,-23.42,SGD 12.121,SGD 11.283,-,-,Industrials,66.6
Assurance HC,RCU,0.046,-14.97,SGD 12.113,SGD 0.57,-,-,Technology,71.4
Digilife Tech,BAI,0.545,-7.29,SGD 11.874,SGD 246.123,-,-,Communication Services,69.4
Natural Cool,5IF,0.047,9.15,SGD 11.771,SGD 140.07,5.95,-,Industrials,79.4
Shanaya,SES,0.052,-32.56,SGD 11.733,SGD 7.765,-,-,Industrials,69.9
NutryFarm,AZT,0.085,-,SGD 11.681,SGD 76.568,-,-,Consumer Defensive,43
AdvancedSystems,WJ9,0.007,"-1,453.66",SGD 11.446,SGD 17.365,-,-,Technology,-
Travelite,BCZ,0.120,4.02,SGD 11.358,SGD 39.303,11.76,-,Consumer Cyclical,45.2
Matex Intl,M15,0.022,-24.40,SGD 11.345,SGD 6.063,-,-,Basic Materials,78.4
Sakae,5DO,0.081,-7.01,SGD 11.257,SGD 12.284,-,-,Consumer Cyclical,73.1
B Wilshire Ltd,9QX,0.012,-,SGD 11.073,SGD 7.148,-,-,Healthcare,51.4
Far East,5TJ,0.098,7.34,SGD 10.923,SGD 95.714,4.34,1.84,Industrials,71.8
Jadason,J03,0.015,-27.12,SGD 10.836,SGD 29.431,30.00,-,Technology,59.5
HS Optimus,504,0.002,-5.37,SGD 10.761,SGD 14.444,-,-,Consumer Cyclical,67
China Yuanbang,BCD,0.152,-36.87,SGD 10.549,SGD 170.817,-,-,Real Estate,69
AJJ Medtech,584,0.009,-,SGD 10.521,SGD 2.702,-,-,Healthcare,79
Katrina,1A0,0.041,-,SGD 10.326,SGD 49.241,-,-,Consumer Cyclical,73.4
Edition,5HG,0.004,-,SGD 10.044,SGD 0.652,-,-,Consumer Defensive,65.5
Sunrise Shares,581,0.034,-48.18,SGD 10.032,SGD 3.202,-,-,Real Estate,58
Net Pacific Fin,5QY,0.019,-17.43,SGD 9.987,SGD 46.199,-,-,Financial Services,37
Accrelist Ltd,QZG,0.034,-41.82,SGD 9.909,SGD 14.03,-,-,Healthcare,55
Vividthree,OMK,0.021,-143.95,SGD 9.746,SGD 3.962,-,-,Communication Services,46.1
Figtree,5F4,0.027,-18.33,SGD 9.703,SGD 8.467,-,-,Real Estate,58.5
Asiatic,5CR,0.002,10.60,SGD 9.7,SGD 43.118,7.50,-,Utilities,73.4
Teho Intl,5OQ,0.041,6.02,SGD 9.652,SGD 64.468,6.61,2.44,Energy,77.6
Suntar Eco-City,BKZ,0.153,8.63,SGD 9.602,SGD 5.636,5.72,-,Consumer Defensive,32.9
Debao Property,BTF,0.128,-38.02,SGD 9.6,SGD 141.311,-,-,Real Estate,40
Miyoshi,M03,0.008,-12.44,SGD 9.284,SGD 36.885,-,-,Industrials,52.4
ASTI,575,0.014,-35.50,SGD 9.166,SGD 33.552,-,-,Technology,68
SingaporeKitchen,5WG,0.059,4.57,SGD 9.145,SGD 30.405,3.60,-,Consumer Cyclical,75
Koyo Intl,5OC,0.048,0.32,SGD 9.112,SGD 53.507,32.00,-,Industrials,67.4
ES,5RC,0.064,11.64,SGD 9.037,SGD 32.949,58.18,-,Industrials,61.1
KTMG,XCF,0.051,-32.87,SGD 8.654,SGD 93.988,-,-,Consumer Cyclical,64.4
Bromat,9I7,0.027,-,SGD 8.323,SGD 1.59,-,-,Consumer Cyclical,-
Pasture Holdings,UUK,0.088,11.62,SGD 8.184,SGD 12.165,11.67,-,Healthcare,59.6
AcroMeta,43F,0.020,38.65,SGD 8.181,SGD 6.19,-,-,Industrials,68.4
United Food,AZR,0.043,"-1,215.21",SGD 8.08,SGD 0,-,-,Consumer Defensive,28
Quantum Health,V8Y,0.002,-,SGD 8.015,SGD 12.941,-,-,Healthcare,58.3
Captii,AWV,0.250,-20.86,SGD 7.989,SGD 18.922,-,-,Communication Services,54
Darco Water Tech,BLR,0.085,3.50,SGD 7.976,SGD 54.605,-,-,Industrials,68.8
Versalink,40N,0.074,-13.46,SGD 7.965,SGD 39.878,-,-,Industrials,57.5
Meta Health,5DX,0.006,-,SGD 7.922,SGD 0.83,-,-,Healthcare,49.3
Mary Chia,5OX,0.024,-,SGD 7.875,SGD 47.076,9.23,-,Consumer Cyclical,15.5
Autagco,1D3,0.003,-,SGD 7.821,SGD 1.419,-,-,Consumer Cyclical,51.7
8Telecom,AZG,0.069,-,SGD 7.761,SGD 0,-,-,Technology,57
Shopper360,1F0,0.071,-19.43,SGD 7.725,SGD 184.246,-,-,Communication Services,74.7
Luminor,5UA,0.045,-18.06,SGD 7.535,SGD 46.476,-,-,Financial Services,67.9
ChinaKundaTech,GU5,0.018,-547.02,SGD 7.376,SGD 38.928,-,-,Industrials,54.3
Rich Capital,5G4,0.001,-45.88,SGD 7.343,SGD 1.235,-,-,Real Estate,69.5
Jubilee,NHD,0.023,-40.98,SGD 7.308,SGD 0,-,-,Technology,38.9
GRP,BLU,0.040,-19.02,SGD 7.208,SGD 7.761,-,-,Technology,64.2
MeGroup,SJY,0.060,11.72,SGD 7.171,SGD 392.625,3.60,1.50,Consumer Cyclical,71.9
Santak,580,0.066,-27.86,SGD 7.1,SGD 7.365,-,-,Technology,72
New Wave,5FX,0.004,-19.83,SGD 6.91,SGD 17.106,-,-,Basic Materials,70.5
Asian Micro,585,0.004,-29.35,SGD 6.859,SGD 6.556,-,-,Energy,59
Luxking,BKK,0.520,5.66,SGD 6.578,SGD 570.149,4.65,-,Basic Materials,78.5
Renaissance United,I11,0.001,-36.61,SGD 6.181,SGD 74.572,-,-,Utilities,61.6
GCCP,41T,0.004,-19.34,SGD 6.133,SGD 1.69,-,-,Basic Materials,74.3
Incredible,RDR,0.002,-67.12,SGD 5.987,SGD 0.192,-,-,Consumer Cyclical,74
Heptamax,8A1,0.121,-94.31,SGD 5.941,SGD 0.428,-,-,Financial Services,69.5
TSH,KUH,0.132,10.46,SGD 5.855,SGD 12.213,5.76,-,Consumer Cyclical,67.6
Fuxing China,AWK,0.340,0.12,SGD 5.85,SGD 731.942,-,-,Consumer Cyclical,62.6
Lorenzo Intl,5IE,0.016,-,SGD 5.712,SGD 0,-,-,Consumer Cyclical,50
Imperium Crown,5HT,0.007,-167.58,SGD 5.523,SGD 2.218,-,-,Consumer Cyclical,61
Sevens Atelier,5EW,0.025,4.46,SGD 5.373,SGD 6.96,-,-,Industrials,60.8
TrickleStar,CYW,0.033,-13.74,SGD 5.104,SGD 10.678,0.05,-,Technology,68.2
Green Build,Y06,0.029,-,SGD 4.968,SGD 4.809,-,-,Industrials,73.3
MFG Integration,M11,0.020,-41.30,SGD 4.822,SGD 8.506,-,-,Technology,74.4
Metech Intl,V3M,0.028,-32.23,SGD 4.748,SGD 0,-,-,Industrials,77
HealthBank,40B,0.050,-40.07,SGD 4.715,SGD 0.179,-,-,Real Estate,67.4
Heatec Jietong,5OR,0.022,-8.15,SGD 4.505,SGD 20.274,-,-,Energy,58.6
Y Ventures,1F1,0.008,-23.52,SGD 4.443,SGD 18.07,-,-,Consumer Cyclical,70.3
Joyas Intl,E9L,0.002,-4.67,SGD 4.428,SGD 3.929,-,-,Financial Services,56.4
Shenshan,BKV,0.044,2.62,SGD 4.391,SGD 85.01,1.52,-,Consumer Defensive,54.6
B&M Hldg,CJN,0.500,-16.99,SGD 4.379,SGD 1.857,-,-,Financial Services,63.6
BlackGoldNatural,41H,0.003,-,SGD 4.301,SGD 13.039,-,-,Energy,66
Universal Res,BGO,0.170,-,SGD 4.095,SGD 0,-,-,Energy,41
Camsing Hc,BAC,0.043,-,SGD 3.87,SGD 4.238,-,-,Consumer Defensive,44.7
USP Group,BRS,0.042,-5.47,SGD 3.792,SGD 39.675,-,-,Industrials,37
MSMIntl,51O,0.143,29.50,SGD 3.768,SGD 82.277,1.10,-,Consumer Cyclical,-
V2Y Corp,V2Y,0.007,-,SGD 3.713,SGD 1.381,-,-,Industrials,74
Asia Vets,5RE,0.025,-11.72,SGD 3.654,SGD 2.313,-,-,Healthcare,55.3
Eindec,42Z,0.032,-2.14,SGD 3.446,SGD 13.631,-,-,Industrials,71.4
China Intl,BEH,0.039,-40.95,SGD 3.057,SGD 90.084,-,-,Utilities,65.9
Spackman Entmt,9VW,0.160,-0.10,SGD 2.938,SGD 1.354,-,-,Communication Services,-
SinoCloud Grp,LYY,0.013,-28.56,SGD 2.738,SGD 11.415,-,-,Technology,36
Raffles Infrastructure,LUY,0.035,5.28,SGD 2.378,SGD 51.868,2.34,-,Industrials,92
Shanghai Turbo,AWM,0.058,-52.35,SGD 1.77,SGD 82.184,-,-,Industrials,49
MediLifestyle,Z4D,0.010,-,SGD 1.641,SGD 5.386,-,-,Healthcare,65.5
Acma,AYV,0.032,32.26,SGD 1.357,SGD 8.98,-,-,Consumer Cyclical,55.6
VibroPower,BJD,0.018,-71.00,SGD 1.327,SGD 5.058,-,-,Industrials,56
KrisEnergy,SK3,0.030,-,-,-,-,-,-,78
Sing Paincare,FRQ,0.157,-,-,-,-,-,-,85.3
Soon Hock,SHE,0.000,-,-,-,-,-,Real Estate,-